id,amc,scheme,doc_type,url,status,retrieved
1,HDFC MF,HDFC ELSS Tax Saver,Scheme page (Direct),https://www.hdfcfund.com/product-solutions/overview/hdfc-elss-tax-saver/direct,verified,2026-10-02
2,HDFC MF,HDFC ELSS Tax Saver,Scheme page (Regular),https://www.hdfcfund.com/product-solutions/overview/hdfc-elss-tax-saver/regular,verified,2026-10-02
3,HDFC MF,HDFC ELSS Tax Saver,Scheme page (alt path),https://hdfcfund.com/explore/mutual-funds/hdfc-elss-tax-saver/direct,verified,2026-10-02
4,HDFC MF,HDFC ELSS Tax Saver,Weekend Bytes PDF (Mar 2025),https://files.hdfcfund.com/s3fs-public/2025-03/ELSS%20Tax%20saver%20-%20Weekend%20Bytes%20-%20Mar%2025.pdf,verified,2026-10-02
5,HDFC MF,HDFC Flexi Cap,Scheme page,TODO,pending,
6,HDFC MF,HDFC Flexi Cap,SID/KIM/Factsheet,TODO,pending,
7,HDFC MF,HDFC Large Cap,Scheme page,TODO,pending,
8,HDFC MF,HDFC Large Cap,SID/KIM/Factsheet,TODO,pending,
9,HDFC MF,HDFC Mid Cap,Scheme page,TODO,pending,
10,HDFC MF,HDFC Mid Cap,SID/KIM/Factsheet,TODO,pending,
11,HDFC MF,All,Charges / exit load page,TODO,pending,
12,HDFC MF,All,Capital-gains statement guide,TODO,pending,
13,AMFI,All,Investor education page,TODO,pending,
14,SEBI,All,Investor education / riskometer circular,TODO,pending,
